Interval,Transfer,Bandwidth
0,122,1030
1,121,1020
2,121,1020
3,121,1010
4,121,1010
5,121,1010
6,121,1010
7,120,1010
8,120,1010
9,120,1010
10,120,1000
11,120,1010
12,120,1000
13,120,1010
14,120,1000
15,119,1000
16,120,1000
17,119,1000
18,119,1000
19,119,997
20,119,996
21,119,1000
22,118,994
23,119,996
24,118,991
25,118,993
26,118,992
27,118,988
28,118,992
29,118,991
30,118,986
31,117,983
32,118,989
33,117,980
34,117,984
35,117,981
36,116,971
37,117,978
38,117,979
39,117,979
40,116,973
41,117,978
42,116,974
43,116,975
44,116,969
45,116,971
46,116,969
47,114,960
48,115,967
49,115,964
50,114,952
51,114,956
52,115,962
53,114,958
54,115,965
55,114,954
56,114,957
57,114,956
58,114,956
59,114,954
60,114,952
61,113,950
62,113,949
63,113,947
64,113,950
65,113,946
66,113,946
67,112,940
68,111,934
69,113,947
70,112,942
71,112,935
72,112,938
73,111,934
74,112,935
75,112,935
76,111,929
77,111,931
78,111,931
79,110,926
80,110,925
81,110,923
82,110,923
83,110,923
84,110,923
85,110,919
86,109,918
87,109,912
88,110,920
89,108,908
90,109,915
91,108,910
92,108,908
93,108,908
94,108,904
95,107,899
96,108,906
97,108,902
98,108,904
99,106,892
100,106,891
101,106,892
102,106,892
103,107,897
104,106,888
105,106,886
106,106,889
107,106,885
108,105,882
109,105,881
110,104,876
111,104,876
112,104,875
113,104,876
114,104,870
115,104,868
116,104,868
117,104,868
118,103,861
119,103,863
120,102,857
121,102,860
122,102,855
123,102,857
124,101,850
125,102,854
126,101,844
127,101,846
128,101,847
129,99.8,837
130,100,839
131,99.8,837
132,99.5,835
133,99.2,833
134,99.1,832
135,98.5,826
136,98.2,824
137,98.5,826
138,97.9,821
139,97.4,817
140,97.1,815
141,97.5,818
142,96.6,811
143,95.8,803
144,96,805
145,95.9,804
146,95.1,798
147,95.2,799
148,94.6,794
149,93.9,787
150,93.8,786
151,93.5,784
152,92.9,779
153,92.9,779
154,92.2,774
155,91.8,770
156,91.5,768
157,91,763
158,90.2,757
159,90.2,757
160,89.4,750
161,89.2,749
162,88.5,742
163,88,738
164,86.8,728
165,87.2,732
166,86.1,722
167,85.2,715
168,85,713
169,83.6,701
170,83.5,700
171,81.8,686
172,81.2,682
173,81,679
174,79.5,667
175,77.5,650
176,76.2,640
177,75.2,631
178,70.1,588
179,60.6,509
180,60.2,505
181,60.6,509
182,60.6,509
183,60.4,506
184,60.8,510
185,60.4,506
186,61.1,513
187,60.5,508
188,60.1,504
189,60.9,511
190,60.2,505
191,60.6,509
192,60.6,509
193,60.8,510
194,60.6,509
195,60.6,509
196,60.2,505
197,60.9,511
198,60.8,510
199,60.5,508
200,60.6,509
201,60.6,509
202,60.1,504
203,61,512
204,60.2,505
205,60.5,508
206,61.1,513
207,60.1,504
208,60.6,509
209,60.6,509
210,60.6,509
211,60.4,506
212,61,512
213,60.8,510
214,60,503
215,61.1,513
216,60.1,504
217,61.1,513
218,60.1,504
219,60.5,508
220,61,512
221,60.2,505
222,60.6,509
223,60.8,510
224,60.6,509
225,60.2,505
226,61,512
227,60.5,508
228,60.2,505
229,60.9,511
230,60.6,509
231,60.5,508
232,60.8,510
233,60.1,504
234,60.9,511
235,60.2,505
236,60.5,508
237,60.8,510
238,60.5,508
239,61,512
240,60.6,509
241,60.5,508
242,60.6,509
243,60.6,509
244,60.4,506
245,60.6,509
246,60.5,508
247,60.4,506
248,60.8,510
249,60.5,508
250,61,512
251,60.4,506
252,60.8,510
253,60.2,505
254,60.8,510
255,60.6,509
256,60.1,504
257,61,512
258,60.8,510
259,60.1,504
260,60.5,508
261,60.9,511
262,60.5,508
263,60.4,506
264,60.9,511
265,60.6,509
266,60.8,510
267,60.5,508
268,60.8,510
269,60,503
270,60.9,511
271,60.4,506
272,61,512
273,60,503
274,60.8,510
275,60.6,509
276,60.8,510
277,60.8,510
278,60,503
279,61.1,513
280,60.8,510
281,60.2,505
282,60.8,510
283,60.5,508
284,60.6,509
285,60.6,509
286,60.4,506
287,60.5,508
288,60.4,506
289,60.8,510
290,60.6,509
291,60.2,505
292,61.1,513
293,60.5,508
294,60.6,509
295,60.5,508
296,60.5,508
297,60.8,510
298,60.4,506
299,60.1,504
300,61.2,514
301,60.6,509
302,60.1,504
303,60.8,510
304,60.6,509
305,60.6,509
306,61,512
307,60.4,506
308,60.5,508
309,60.4,506
310,60.5,508
311,60.9,511
312,60.9,511
313,59.8,501
314,60.8,510
315,61.1,513
316,60.4,506
317,60.2,505
318,60.9,511
319,60.8,510
320,60.4,506
321,60.6,509
322,60.8,510
323,60,503
324,61.2,514
325,60.2,505
326,60.6,509
327,60.6,509
328,60.8,510
329,60.5,508
330,60.4,506
331,60.6,509
332,60.5,508
333,60.4,506
334,60.6,509
335,61,512
336,60.4,506
337,60.2,505
338,61,512
339,60.8,510
340,60.4,506
341,60.2,505
342,60.6,509
343,60.9,511
344,60.5,508
345,60.5,508
346,60.4,506
347,60.8,510
348,60.8,510
349,60.5,508
350,60.5,508
351,60.5,508
352,61.1,513
353,60.6,509
354,60.5,508
355,60.6,509
356,60.6,509
357,60.1,504
358,60.9,511
359,60.8,510
360,60,503
361,60.6,509
362,61.1,513
363,60.5,508
364,60.2,505
365,60.6,509
366,60.9,511
367,60,503
368,61,512
369,60.6,509
370,60.1,504
371,60.6,509
372,61,512
373,60.2,505
374,60.8,510
375,60,503
376,61.2,514
377,60.5,508
378,60.9,511
379,60.6,509
380,60.2,505
381,60.5,508
382,60.4,506
383,61,512
384,60.5,508
385,60.6,509
386,60.6,509
387,60.1,504
388,60.8,510
389,60.8,510
390,60.5,508
391,60.1,504
392,61.1,513
393,60.4,506
394,60.6,509
395,60.9,511
396,60.6,509
397,60.2,505
398,60.8,510
399,60.4,506
400,60.9,511
401,60.9,511
402,60.5,508
403,60.1,504
404,61,512
405,60.1,504
406,61.1,513
407,60,503
408,60.8,510
409,60.4,506
410,61.2,514
411,60.1,504
412,60.8,510
413,60.6,509
414,60.4,506
415,60.6,509
416,60.8,510
417,60.5,508
418,60.2,505
419,60.6,509
420,60.9,511
421,60.5,508
422,60.6,509
423,60.6,509
424,60.8,510
425,60.6,509
426,60,503
427,60.6,509
428,61.1,513
429,60.5,508
430,60.5,508
431,60.2,505
432,60.8,510
433,60.6,509
434,60.9,511
435,60.6,509
436,60.5,508
437,60.8,510
438,60,503
439,60.6,509
440,61,512
441,60.5,508
442,60.2,505
443,60.5,508
444,60.5,508
445,60.8,510
446,60.8,510
447,60.4,506
448,60.9,511
449,60.8,510
450,60.2,505
451,61,512
452,60.5,508
453,60,503
454,61,512
455,60.6,509
456,60.9,511
457,60.2,505
458,60.5,508
459,60.4,506
460,60.9,511
461,60.8,510
462,60.4,506
463,60.6,509
464,60.5,508
465,60.6,509
466,60.2,505
467,60.6,509
468,61.1,513
469,60.6,509
470,60.6,509
471,60.2,505
472,60.9,511
473,60.1,504
474,60.6,509
475,60.6,509
476,60.4,506
477,60.6,509
478,60.8,510
479,60.8,510
480,60.4,506
481,60.6,509
482,61,512
483,60,503
484,60.6,509
485,60.8,510
486,60.5,508
487,60.6,509
488,60.9,511
489,60.5,508
490,60.5,508
491,60.5,508
492,60.4,506
493,61,512
494,60.2,505
495,61,512
496,60.5,508
497,60.6,509
498,60.6,509
499,60.5,508
500,60.4,506
501,60.4,506
502,60.6,509
503,60.8,510
504,60.9,511
505,60.4,506
506,60.2,505
507,60.8,510
508,60.9,511
509,60.6,509
510,60.6,509
511,60.2,505
512,61,512
513,60.2,505
514,60.4,506
515,60.5,508
516,60.8,510
517,60.6,509
518,60.5,508
519,60.9,511
520,60.4,506
521,60.6,509
522,60.2,505
523,60.6,509
524,61,512
525,60.2,505
526,60.8,510
527,60.5,508
528,60.6,509
529,61,512
530,60.4,506
531,60.6,509
532,60.4,506
533,60.8,510
534,60.8,510
535,60.6,509
536,60.1,504
537,60.4,506
538,61.1,513
539,60,503
540,60.8,510
541,60.8,510
542,60.5,508
543,60.5,508
544,60.5,508
545,60.6,509
546,60.9,511
547,60.2,505
548,61.1,513
549,60,503
550,60.9,511
551,60.5,508
552,60.8,510
553,60.6,509
554,60.4,506
555,61,512
556,60.6,509
557,60.1,504
558,60.8,510
559,60.8,510
560,60.5,508
561,60.5,508
562,60.5,508
563,60.2,505
564,60.5,508
565,61.1,513
566,60.6,509
567,60.1,504
568,61.2,514
569,60.5,508
570,60.2,505
571,60.5,508
572,60.4,506
573,61.2,514
574,60.1,504
575,60.5,508
576,60.6,509
577,60.5,508
578,61,512
579,60.4,506
580,60.6,509
581,60.5,508
582,60.5,508
583,60.9,511
584,60.5,508
585,60.5,508
586,60.4,506
587,60.8,510
588,60.5,508
589,60.8,510
590,60.4,506
591,60.9,511
592,60.2,505
593,60.4,506
594,60.8,510
595,60.8,510
596,60.4,506
597,60.9,511
598,60.8,510
599,60.5,508
600,60.8,510
601,60,503
602,61.1,513
603,60.2,505
604,60.8,510
605,60.4,506
606,60.8,510
607,60.2,505
608,60.8,510
609,60.5,508
610,60.5,508
611,61,512
612,60.6,509
613,60.1,504
614,60.9,511
615,60.6,509
616,60.5,508
617,60.9,511
618,60.1,504
619,60.8,510
620,60.4,506
621,61.1,513
622,60.2,505
623,60.6,509
624,60.8,510
625,60.1,504
626,60.5,508
627,61.1,513
628,60.1,504
629,60.9,511
630,60.2,505
631,60.8,510
632,60.5,508
633,60.6,509
634,60.6,509
635,60.6,509
636,60.2,505
637,60.9,511
638,60.6,509
639,60.5,508
640,60.6,509
641,60.6,509
642,60.8,510
643,60.6,509
644,60.6,509
645,60.8,510
646,60.4,506
647,60.5,508
648,60.1,504
649,61.2,514
650,60.2,505
651,60.6,509
652,60.5,508
653,60.1,504
654,61,512
655,60.5,508
656,60.6,509
657,60.9,511
658,60.1,504
659,61.1,513
660,60.6,509
661,60.2,505
662,60.5,508
663,60.6,509
664,60.4,506
665,61.1,513
666,60.2,505
667,60.8,510
668,60.6,509
669,60.2,505
670,60.8,510
671,60.6,509
672,60.4,506
673,61,512
674,60.6,509
675,60.4,506
676,60.9,511
677,60.1,504
678,60.8,510
679,60.2,505
680,60.6,509
681,61,512
682,60.2,505
683,61.1,513
684,60.2,505
685,60.2,505
686,61.1,513
687,60.5,508
688,60.5,508
689,60.2,505
690,60.6,509
691,61,512
692,60.5,508
693,60.6,509
694,60.5,508
695,60.5,508
696,60.8,510
697,60.2,505
698,60.4,506
699,60.6,509
700,60.8,510
701,60.9,511
702,60.6,509
703,60.2,505
704,60.5,508
705,60.9,511
706,60.6,509
707,60.5,508
708,60.9,511
709,60.5,508
710,60.4,506
711,60.5,508
712,60.5,508
713,60.5,508
714,61.1,513
715,60.6,509
716,60.4,506
717,60.4,506
718,60.9,511
719,60.5,508
720,60.5,508
721,60.1,504
722,61.1,513
723,60.6,509
724,60.4,506
725,60.6,509
726,60.4,506
727,60.9,511
728,60.4,506
729,60.2,505
730,61.1,513
731,60.8,510
732,59.8,501
733,61.2,514
734,60.6,509
735,60.4,506
736,60.5,508
737,61,512
738,60.1,504
739,60.9,511
740,60.5,508
741,60.5,508
742,60.6,509
743,60.5,508
744,60.8,510
745,60.5,508
746,60.4,506
747,61,512
748,59.9,502
749,61.1,513
750,60.8,510
751,59.8,501
752,61.2,514
753,60.6,509
754,60.6,509
755,60,503
756,61,512
757,60.8,510
758,60.5,508
759,60.4,506
760,60.5,508
761,60.6,509
762,60.4,506
763,60.8,510
764,60.5,508
765,60.9,511
766,60.4,506
767,60.5,508
768,60.5,508
769,61.1,513
770,60.5,508
771,60.5,508
772,60.8,510
773,60.4,506
774,60.8,510
775,60.8,510
776,59.9,502
777,60.9,511
778,60.6,509
779,60.9,511
780,60.5,508
781,60.6,509
782,60.1,504
783,61.1,513
784,60.4,506
785,60.8,510
786,60.6,509
787,60,503
788,60.5,508
789,61,512
790,60.8,510
791,60.5,508
792,60.6,509
793,60.4,506
794,60.4,506
795,60.9,511
796,60.6,509
797,60.5,508
798,60.2,505
799,61,512
800,60.5,508
801,60.5,508
802,60.6,509
803,60.5,508
804,60.6,509
805,60.2,505
806,60.8,510
807,60.4,506
808,60.9,511
809,60.4,506
810,60.6,509
811,60.6,509
812,60.9,511
813,60.4,506
814,60.5,508
815,60.9,511
816,60.1,504
817,61.1,513
818,60.5,508
819,60.5,508
820,60.8,510
821,60.1,504
822,60.8,510
823,60.5,508
824,60.9,511
825,60.2,505
826,61.1,513
827,60.1,504
828,60.4,506
829,60.8,510
830,60.6,509
831,60.4,506
832,60.6,509
833,60.5,508
834,61.1,513
835,60.2,505
836,60.6,509
837,61,512
838,60.4,506
839,60.5,508
840,60.6,509
841,60.4,506
842,60.8,510
843,60.5,508
844,60.9,511
845,60.2,505
846,60.8,510
847,60.6,509
848,60.5,508
849,60.6,509
850,60.4,506
851,61,512
852,60.2,505
853,60.6,509
854,60.5,508
855,60.4,506
856,60.8,510
857,61,512
858,60.4,506
859,60.2,505
860,60.5,508
861,61.2,514
862,60.2,505
863,60.5,508
864,60.6,509
865,60.2,505
866,60.8,510
867,61,512
868,60,503
869,61,512
870,60.4,506
871,60.4,506
872,60.8,510
873,60.9,511
874,60.6,509
875,60.6,509
876,60.4,506
877,60.6,509
878,60.2,505
879,61.1,513
880,60,503
881,60.9,511
882,60.9,511
883,60.2,505
884,60.4,506
885,60.9,511
886,60.4,506
887,60.9,511
888,60.2,505
889,60.9,511
890,60.4,506
891,60.6,509
892,60.5,508
893,60.5,508
894,60.8,510
895,60.4,506
896,60.8,510
897,61,512
898,60,503
899,60.6,509
900,61,512
901,60.6,509
902,60.4,506
903,60.4,506
904,60.6,509
905,60.8,510
906,60.9,511
907,60.6,509
908,60.5,508
909,60.4,506
910,60.5,508
911,60.6,509
912,60.5,508
913,60.6,509
914,60.9,511
915,60.4,506
916,60.6,509
917,60.5,508
918,60.6,509
919,60.6,509
920,60.6,509
921,60.8,510
922,60,503
923,61,512
924,60.1,504
925,60.5,508
926,61.2,514
927,60.1,504
928,60.9,511
929,60.6,509
930,60.5,508
931,60.2,505
932,61,512
933,60.1,504
934,60.9,511
935,60.4,506
936,60.8,510
937,60.6,509
938,60.6,509
939,60,503
940,61.2,514
941,60.5,508
942,60.6,509
943,60.2,505
944,60.6,509
945,60.9,511
946,60.4,506
947,60.5,508
948,61.1,513
949,60.5,508
950,60,503
951,60.9,511
952,60.6,509
953,60.5,508
954,60.6,509
955,60.6,509
956,60.5,508
957,60.9,511
958,60.6,509
959,60.1,504
960,61.1,513
961,60.4,506
962,60.5,508
963,60.6,509
964,60.6,509
965,60.8,510
966,60,503
967,60.6,509
968,60.5,508
969,61.1,513
970,60.2,505
971,60.9,511
972,60.5,508
973,60.5,508
974,60.9,511
975,60.6,509
976,60.2,505
977,60.9,511
978,60,503
979,61.2,514
980,59.9,502
981,60.9,511
982,60.6,509
983,60.4,506
984,60.8,510
985,60.9,511
986,60.1,504
987,61,512
988,60.4,506
989,60.4,506
990,61,512
991,60.4,506
992,60.5,508
993,60.6,509
994,60.8,510
995,60.1,504
996,60.6,509
997,60.6,509
998,60.8,510
999,61,512
1000,60.6,509
1001,59.9,502
1002,61,512
1003,60.6,509
1004,60.5,508
1005,60.9,511
1006,60.4,506
1007,60.5,508
1008,60.6,509
1009,60.5,508
1010,60.9,511
1011,60.6,509
1012,60.5,508
1013,60.4,506
1014,60.2,505
1015,60.5,508
1016,61,512
1017,60.8,510
1018,60.6,509
1019,60.5,508
1020,60.2,505
1021,60.5,508
1022,60.5,508
1023,60.6,509
1024,60.9,511
1025,60.6,509
1026,60.2,505
1027,60.9,511
1028,60.5,508
1029,60.6,509
1030,60.9,511
1031,60.2,505
1032,60.9,511
1033,60.1,504
1034,60.6,509
1035,60.6,509
1036,61,512
1037,60.4,506
1038,60.2,505
1039,60.6,509
1040,60.9,511
1041,60.8,510
1042,60.5,508
1043,60.5,508
1044,60.4,506
1045,60.5,508
1046,61.1,513
1047,60.5,508
1048,60,503
1049,61.1,513
1050,60.6,509
1051,60.1,504
1052,61.1,513
1053,60,503
1054,60.8,510
1055,60.9,511
1056,60.5,508
1057,60.2,505
1058,60.8,510
1059,61,512
1060,60,503
1061,61.1,513
1062,60.6,509
1063,59.9,502
1064,61.1,513
1065,60.4,506
1066,60.6,509
1067,60.6,509
1068,60.6,509
1069,60.2,505
1070,61.1,513
1071,60.1,504
1072,60.5,508
1073,60.9,511
1074,60.6,509
1075,60.4,506
1076,60.8,510
1077,60.2,505
1078,60.6,509
1079,61,512
1080,60.2,505
1081,60.8,510
1082,60.5,508
1083,60.9,511
1084,60,503
1085,60.6,509
1086,61.1,513
1087,60.6,509
1088,60.4,506
1089,60.8,510
1090,60.1,504
1091,61,512
1092,60.4,506
1093,60.8,510
1094,60.5,508
1095,60.5,508
1096,60.4,506
1097,60.5,508
1098,60.9,511
1099,60.5,508
1100,60.5,508
1101,61,512
1102,60.4,506
1103,60.8,510
1104,60.1,504
1105,60.9,511
1106,60.6,509
1107,60.6,509
1108,60.5,508
1109,60.8,510
1110,60.5,508
1111,60.1,504
1112,60.8,510
1113,60.8,510
1114,60.4,506
1115,60.9,511
1116,60.5,508
1117,60.8,510
1118,60.1,504
1119,60.8,510
1120,60.4,506
1121,61,512
1122,60.2,505
1123,60.9,511
1124,60.8,510
1125,60,503
1126,61.2,514
1127,60.2,505
1128,60.4,506
1129,60.9,511
1130,60.8,510
1131,60,503
1132,60.8,510
1133,60.5,508
1134,60.8,510
1135,60.4,506
1136,61,512
1137,60.2,505
1138,60.5,508
1139,61.1,513
1140,60.4,506
1141,60.8,510
1142,60.2,505
1143,60.5,508
1144,61,512
1145,60.4,506
1146,60.4,506
1147,60.6,509
1148,60.6,509
1149,60.6,509
1150,60.6,509
1151,60.4,506
1152,60.6,509
1153,61,512
1154,60,503
1155,60.9,511
1156,60.6,509
1157,60.6,509
1158,60.6,509
1159,60.8,510
1160,60.4,506
1161,60.5,508
1162,60.9,511
1163,60,503
1164,60.5,508
1165,61.2,514
1166,60.6,509
1167,60.6,509
1168,60.4,506
1169,60.5,508
1170,59.8,501
1171,61.5,516
1172,60.8,510
1173,60,503
1174,61,512
1175,60.8,510
1176,59.9,502
1177,60.8,510
1178,60.9,511
1179,60.5,508
1180,60.4,506
1181,61.1,513
1182,60.4,506
1183,60.5,508
1184,60.8,510
1185,60.4,506
1186,60.4,506
1187,60.9,511
1188,60.4,506
1189,60.9,511
1190,60.6,509
1191,60.4,506
1192,60,503
1193,61.2,514
1194,60.2,505
1195,60.8,510
1196,61,512
1197,60.5,508
1198,60.5,508
1199,60.5,508
1200,60.4,506
1201,60.6,509
1202,61,512
1203,60,503
1204,61,512
1205,60.2,505
1206,60.8,510
1207,60.4,506
1208,60.5,508
1209,61,512
1210,60.4,506
1211,60.4,506
1212,60.6,509
1213,60.8,510
1214,60.6,509
1215,60.4,506
1216,61,512
1217,60.5,508
1218,60.2,505
1219,60.8,510
1220,60.4,506
1221,61,512
1222,60.6,509
1223,60.6,509
1224,60.5,508
1225,60.4,506
1226,60.6,509
1227,60.5,508
1228,60.6,509
1229,60.9,511
1230,60,503
1231,60.8,510
1232,60.8,510
1233,60.9,511
1234,60.4,506
1235,60.9,511
1236,59.9,502
1237,60.6,509
1238,60.5,508
1239,60.8,510
1240,60.9,511
1241,60.8,510
1242,60.4,506
1243,60.6,509
1244,60.8,510
1245,60.4,506
1246,60.9,511
1247,60.5,508
1248,60.2,505
1249,61,512
1250,60.1,504
1251,60.9,511
1252,60.4,506
1253,60.5,508
1254,60.5,508
1255,60.5,508
1256,60.8,510
1257,60.6,509
1258,60.9,511
1259,60.6,509
1260,60.5,508
1261,60.6,509
1262,60.1,504
1263,60.5,508
1264,61.1,513
1265,60.5,508
1266,60.5,508
1267,60.6,509
1268,60.5,508
1269,60.6,509
1270,60.4,506
1271,60.6,509
1272,60.8,510
1273,60.9,511
1274,60,503
1275,60.5,508
1276,60.8,510
1277,61,512
1278,60.1,504
1279,60.6,509
1280,60.8,510
1281,60.4,506
1282,60.5,508
1283,60.5,508
1284,61,512
1285,60.8,510
1286,60.6,509
1287,60.6,509
1288,60.5,508
1289,60.6,509
1290,59.9,502
1291,60.6,509
1292,61.1,513
1293,60.4,506
1294,60.9,511
1295,60,503
1296,60.5,508
1297,61.2,514
1298,60.6,509
1299,60.5,508
1300,60.1,504
1301,60.5,508
1302,60.6,509
1303,60.5,508
1304,60.8,510
1305,60.5,508
1306,61,512
1307,60.6,509
1308,60.1,504
1309,61.1,513
1310,60.1,504
1311,60.5,508
1312,61,512
1313,60.5,508
1314,60.4,506
1315,60.9,511
1316,60.8,510
1317,60.1,504
1318,60.8,510
1319,60.8,510
1320,60.1,504
1321,61.1,513
1322,60.1,504
1323,60.9,511
1324,60.6,509
1325,60.1,504
1326,61,512
1327,60.6,509
1328,60.6,509
1329,60.1,504
1330,60.5,508
1331,60.6,509
1332,61,512
1333,60.1,504
1334,60.5,508
1335,61,512
1336,60.8,510
1337,60.8,510
1338,60.5,508
1339,60.1,504
1340,60.8,510
1341,60.2,505
1342,60.6,509
1343,60.8,510
1344,61,512
1345,60.5,508
1346,60.6,509
1347,60.5,508
1348,60.2,505
1349,60.8,510
1350,60.5,508
1351,60.5,508
1352,60.4,506
1353,61.2,514
1354,60.2,505
1355,60.2,505
1356,61,512
1357,60.6,509
1358,60.8,510
1359,60,503
1360,61,512
1361,60.1,504
1362,60.4,506
1363,61.4,515
1364,60.5,508
1365,60.2,505
1366,60.9,511
1367,60.6,509
1368,60.2,505
1369,60.6,509
1370,60.9,511
1371,60.2,505
1372,61,512
1373,60,503
1374,60.9,511
1375,60.2,505
1376,61,512
1377,60.5,508
1378,60.8,510
1379,60.5,508
1380,60.5,508
1381,60.4,506
1382,61,512
1383,60.4,506
1384,60.5,508
1385,60.6,509
1386,60.9,511
1387,60.2,505
1388,60.8,510
1389,60.2,505
1390,60.5,508
1391,61,512
1392,60.4,506
1393,61,512
1394,60.6,509
1395,59.9,502
1396,60.8,510
1397,60.5,508
1398,61.1,513
1399,60.2,505
1400,60.6,509
1401,60.6,509
1402,60.2,505
1403,61.1,513
1404,60.1,504
1405,60.6,509
1406,60.4,506
1407,60.8,510
1408,60.8,510
1409,60.6,509
1410,60.2,505
1411,60.8,510
1412,60.9,511
1413,60.1,504
1414,60.9,511
1415,60.5,508
1416,60.8,510
1417,60,503
1418,61,512
1419,60.9,511
1420,60.2,505
1421,60.8,510
1422,60.8,510
1423,60.1,504
1424,61,512
1425,60.4,506
1426,60.6,509
1427,60.6,509
1428,60.5,508
1429,60.8,510
1430,60.8,510
1431,60,503
1432,60.8,510
1433,60.6,509
1434,60.6,509
1435,60.2,505
1436,61.2,514
1437,60,503
1438,60.6,509
1439,60.5,508
1440,60.9,511
1441,60.4,506
1442,60.8,510
1443,60.9,511
1444,60.2,505
1445,60.8,510
1446,60,503
1447,61.4,515
1448,60.4,506
1449,60.6,509
1450,60.2,505
1451,60.9,511
1452,60.2,505
1453,61.1,513
1454,60.4,506
1455,60.2,505
1456,61.1,513
1457,60.5,508
1458,60.2,505
1459,60.9,511
1460,60.4,506
1461,60.5,508
1462,60.5,508
1463,61,512
1464,60.4,506
1465,60.2,505
1466,61.1,513
1467,60.2,505
1468,60.4,506
1469,60.5,508
1470,60.8,510
1471,61.1,513
1472,60.4,506
1473,60.6,509
1474,60.2,505
1475,60.6,509
1476,60.4,506
1477,60.8,510
1478,60.9,511
1479,60.1,504
1480,60.9,511
1481,60.4,506
1482,60.5,508
1483,60.9,511
1484,60.9,511
1485,60.5,508
1486,60.8,510
1487,60,503
1488,61.1,513
1489,60.2,505
1490,60.5,508
1491,60.5,508
1492,61,512
1493,60,503
1494,61,512
1495,60.2,505
1496,60.6,509
1497,60.8,510
1498,60.4,506
1499,60.8,510
1500,60.8,510
1501,60.5,508
1502,60.8,510
1503,60.4,506
1504,60.9,511
1505,60.1,504
1506,60.9,511
1507,60.2,505
1508,60.6,509
1509,61.1,513
1510,60.2,505
1511,60.5,508
1512,60.5,508
1513,60.9,511
1514,60.6,509
1515,60.6,509
1516,60,503
1517,60.6,509
1518,61,512
1519,60.6,509
1520,60.1,504
1521,61,512
1522,60.4,506
1523,60.5,508
1524,60.5,508
1525,61,512
1526,60.6,509
1527,60,503
1528,61,512
1529,60.8,510
1530,60.4,506
1531,60.6,509
1532,60.9,511
1533,60.6,509
1534,60.2,505
1535,60.5,508
1536,60.8,510
1537,60.5,508
1538,60.6,509
1539,60.8,510
1540,60.2,505
1541,60.4,506
1542,61,512
1543,60.4,506
1544,61,512
1545,60.5,508
1546,60.4,506
1547,60.5,508
1548,60.4,506
1549,61,512
1550,60.4,506
1551,60.6,509
1552,60.8,510
1553,60.2,505
1554,60.8,510
1555,60.4,506
1556,61,512
1557,60.5,508
1558,59.9,502
1559,61.4,515
1560,60,503
1561,61.2,514
1562,60.1,504
1563,60.5,508
1564,60.5,508
1565,60.6,509
1566,60.9,511
1567,60.8,510
1568,60.4,506
1569,60.6,509
1570,60.8,510
1571,60.1,504
1572,60.8,510
1573,60.5,508
1574,60.6,509
1575,60.8,510
1576,60.5,508
1577,60.5,508
1578,61,512
1579,60.1,504
1580,60.9,511
1581,60.6,509
1582,60.2,505
1583,60.4,506
1584,61.1,513
1585,60.6,509
1586,59.8,501
1587,61,512
1588,60.6,509
1589,60.6,509
1590,60.6,509
1591,60.6,509
1592,60.9,511
1593,60,503
1594,60.9,511
1595,60.4,506
1596,60.9,511
1597,60.6,509
1598,60.1,504
1599,61.2,514
1600,60.4,506
1601,60.1,504
1602,60.6,509
1603,61.1,513
1604,60.4,506
1605,60.6,509
1606,60.4,506
1607,60.4,506
1608,60.8,510
1609,60.5,508
1610,61,512
1611,60,503
1612,61.1,513
1613,60.8,510
1614,60,503
1615,60.8,510
1616,60.8,510
1617,60.5,508
1618,60.2,505
1619,61.1,513
1620,60.1,504
1621,61.1,513
1622,60.2,505
1623,60.4,506
1624,61,512
1625,60.1,504
1626,60.9,511
1627,60.5,508
1628,61,512
1629,60.2,505
1630,60.4,506
1631,60.6,509
1632,60.5,508
1633,60.9,511
1634,60.8,510
1635,60.1,504
1636,61.1,513
1637,60.2,505
1638,60.2,505
1639,61.1,513
1640,60.4,506
1641,60.2,505
1642,60.9,511
1643,60.4,506
1644,60.8,510
1645,60.8,510
1646,60.6,509
1647,60.2,505
1648,60.5,508
1649,60.9,511
1650,60.5,508
1651,60.9,511
1652,60.4,506
1653,60.4,506
1654,60.6,509
1655,60.4,506
1656,60.8,510
1657,61.1,513
1658,60.4,506
1659,60.6,509
1660,60.4,506
1661,60.8,510
1662,60.6,509
1663,60.2,505
1664,60.6,509
1665,61,512
1666,60.5,508
1667,60.2,505
1668,60.9,511
1669,60.1,504
1670,60.8,510
1671,60.6,509
1672,60.8,510
1673,60.5,508
1674,60.6,509
1675,60.8,510
1676,60.6,509
1677,60.2,505
1678,60.5,508
1679,60.6,509
1680,60.5,508
1681,61,512
1682,60.5,508
1683,60.4,506
1684,60.9,511
1685,60.6,509
1686,60.5,508
1687,60.6,509
1688,60.1,504
1689,60.6,509
1690,60.9,511
1691,60.8,510
1692,60.4,506
1693,60.8,510
1694,60.2,505
1695,60.6,509
1696,60.4,506
1697,60.8,510
1698,60.9,511
1699,60.2,505
1700,60.6,509
1701,60.4,506
1702,60.8,510
1703,60.6,509
1704,60.6,509
1705,60.4,506
1706,60.6,509
1707,61,512
1708,60.4,506
1709,60.2,505
1710,60.6,509
1711,60.5,508
1712,61.2,514
1713,60.2,505
1714,60.6,509
1715,60.8,510
1716,60.4,506
1717,60.2,505
1718,60.9,511
1719,60.6,509
1720,60.6,509
1721,60.6,509
1722,60.4,506
1723,60.6,509
1724,60.1,504
1725,61.4,515
1726,60,503
1727,60.8,510
1728,60.5,508
1729,60.6,509
1730,61,512
1731,60.5,508
1732,60.2,505
1733,60.5,508
1734,61.2,514
1735,60.4,506
1736,60.6,509
1737,60.8,510
1738,60.2,505
1739,60.2,505
1740,60.6,509
1741,60.8,510
1742,60.8,510
1743,60.6,509
1744,60.2,505
1745,61,512
1746,60.2,505
1747,60.8,510
1748,60.2,505
1749,60.5,508
1750,60.6,509
1751,60.6,509
1752,61,512
1753,60.5,508
1754,60.4,506
1755,60.4,506
1756,61.1,513
1757,60.6,509
1758,60.6,509
1759,60.2,505
1760,60.6,509
1761,60.8,510
1762,60.6,509
1763,60.6,509
1764,60.2,505
1765,60.8,510
1766,60.4,506
1767,61,512
1768,60.5,508
1769,60.4,506
1770,60.4,506
1771,60.8,510
1772,60.2,505
1773,60.9,511
1774,60.8,510
1775,60.2,505
1776,61,512
1777,60.6,509
1778,60.5,508
1779,60.6,509
1780,60.5,508
1781,60.6,509
1782,60.4,506
1783,60.8,510
1784,60.2,505
1785,61.1,513
1786,60,503
1787,60.8,510
1788,60.4,506
1789,60.6,509
1790,61,512
1791,60.1,504
1792,60.6,509
1793,61.1,513
1794,60.6,509
1795,60.5,508
1796,60.4,506
1797,60.6,509
1798,60.4,506
1799,61,512
1800,60.6,509
1801,60.1,504
1802,61.1,513
1803,59.9,502
1804,60.9,511
1805,60.8,510
1806,60.6,509
1807,60.8,510
1808,60.2,505
1809,60.5,508
1810,60.5,508
1811,61,512
1812,60.1,504
1813,60.6,509
1814,60.8,510
1815,60.4,506
1816,60.6,509
1817,60.9,511
1818,60.4,506
1819,60.8,510
1820,60.4,506
1821,60.5,508
1822,60.5,508
1823,60.9,511
1824,60.5,508
1825,60.4,506
1826,60.8,510
1827,60.8,510
1828,60.8,510
1829,60.1,504
1830,61,512
1831,60.2,505
1832,60.9,511
1833,60.4,506
1834,60.5,508
1835,61,512
1836,60.5,508
1837,60.6,509
1838,60.4,506
1839,60.5,508
1840,60.4,506
1841,60.6,509
1842,61.1,513
1843,60.5,508
1844,60.4,506
1845,60.2,505
1846,60.6,509
1847,60.8,510
1848,60.4,506
1849,60.8,510
1850,60.9,511
1851,60.5,508
1852,60.1,504
1853,61.1,513
1854,60.1,504
1855,61,512
1856,60.5,508
1857,60.8,510
1858,60.4,506
1859,60.2,505
1860,60.8,510
1861,60.6,509
1862,60.4,506
1863,61.1,513
1864,60.1,504
1865,60.5,508
1866,61.1,513
1867,60.5,508
1868,60.5,508
1869,60.6,509
1870,60.4,506
1871,60.6,509
1872,60.4,506
1873,61,512
1874,60.6,509
1875,60.8,510
1876,60.5,508
1877,60.5,508
1878,60.4,506
1879,60.6,509
1880,60.8,510
1881,60.6,509
1882,60.2,505
1883,60.5,508
1884,61,512
1885,60.4,506
1886,60.9,511
1887,59.9,502
1888,60.8,510
1889,60.6,509
1890,60.6,509
1891,60.8,510
1892,60.4,506
1893,60.4,506
1894,60.9,511
1895,60.9,511
1896,60.6,509
1897,60.1,504
1898,60.6,509
1899,60.6,509
1900,60.9,511
1901,60.1,504
1902,60.6,509
1903,61.1,513
1904,60.6,509
1905,60,503
1906,61,512
1907,60.6,509
1908,60,503
1909,60.8,510
1910,61,512
1911,60.5,508
1912,60.5,508
1913,60.8,510
1914,60.2,505
1915,60.5,508
1916,60.8,510
1917,60.9,511
1918,60.5,508
1919,60.5,508
1920,60.4,506
1921,60.4,506
1922,60.8,510
1923,60.6,509
1924,60.9,511
1925,60.6,509
1926,60.5,508
1927,60.6,509
1928,60.5,508
1929,60.2,505
1930,60.6,509
1931,60.9,511
1932,60.8,510
1933,60.6,509
1934,60.5,508
1935,60.5,508
1936,60.8,510
1937,60,503
1938,60.8,510
1939,60.8,510
1940,60.5,508
1941,60.8,510
1942,60.6,509
1943,60.6,509
1944,60,503
1945,60.9,511
1946,60.5,508
1947,60.8,510
1948,60.8,510
1949,60.5,508
1950,60.5,508
1951,60.6,509
1952,60.4,506
1953,60.6,509
1954,60.4,506
1955,60.6,509
1956,61,512
1957,60.6,509
1958,60.5,508
1959,60.8,510
1960,60,503
1961,60.8,510
1962,60.4,506
1963,61.2,514
1964,60.4,506
1965,60.2,505
1966,61,512
1967,60.2,505
1968,60.2,505
1969,61,512
1970,60.9,511
1971,60.1,504
1972,61,512
1973,60.6,509
1974,60.2,505
1975,60.4,506
1976,61.1,513
1977,60.1,504
1978,60.5,508
1979,60.9,511
1980,60.4,506
1981,60.6,509
1982,60.8,510
1983,60.6,509
1984,60.5,508
1985,60.2,505
1986,60.6,509
1987,60.8,510
1988,60.9,511
1989,60.4,506
1990,60.9,511
1991,60.5,508
1992,60.6,509
1993,60.1,504
1994,61.1,513
1995,60,503
1996,61,512
1997,60.5,508
1998,60.5,508
1999,60.6,509
2000,60.6,509
2001,60.2,505
2002,61,512
2003,60.8,510
2004,60.2,505
2005,60.4,506
2006,60.5,508
2007,60.6,509
2008,61.1,513
2009,60.2,505
2010,60.8,510
2011,60.5,508
2012,60.2,505
2013,61,512
2014,60.5,508
2015,60.6,509
2016,60.6,509
2017,60,503
2018,60.9,511
2019,61.1,513
2020,60,503
2021,60.6,509
2022,61,512
2023,60,503
2024,61.2,514
2025,60.4,506
2026,59.9,502
2027,60.9,511
2028,61.1,513
2029,60.1,504
2030,60.4,506
2031,60.8,510
2032,60.6,509
2033,61.1,513
2034,60.5,508
2035,60.4,506
2036,60.2,505
2037,60.8,510
2038,60.5,508
2039,60.4,506
2040,60.8,510
2041,60.5,508
2042,61,512
2043,60.4,506
2044,60.9,511
2045,60.2,505
2046,60.4,506
2047,60.6,509
2048,60.9,511
2049,60.9,511
2050,60,503
2051,60.6,509
2052,60.9,511
2053,60.4,506
2054,60.6,509
2055,60.6,509
2056,60.8,510
2057,60.8,510
2058,60.1,504
2059,61.1,513
2060,60,503
2061,60.5,508
2062,60.5,508
2063,60.8,510
2064,60.6,509
2065,60.9,511
2066,60.8,510
2067,60,503
2068,60.8,510
2069,61,512
2070,60.6,509
2071,60.2,505
2072,60.2,505
2073,60.9,511
2074,60.8,510
2075,60.8,510
2076,60.6,509
2077,60.2,505
2078,60.4,506
2079,60.6,509
2080,60.8,510
2081,60.4,506
2082,60.5,508
2083,61.1,513
2084,60.1,504
2085,60.8,510
2086,60.4,506
2087,61.1,513
2088,60.5,508
2089,60,503
2090,60.9,511
2091,60.6,509
2092,60.5,508
2093,60.5,508
2094,60.9,511
2095,60.6,509
2096,60.2,505
2097,60.2,505
2098,61.4,515
2099,60.1,504
2100,60.4,506
2101,61.1,513
2102,60.4,506
2103,60.8,510
2104,60.5,508
2105,60.4,506
2106,61.1,513
2107,59.9,502
2108,60.5,508
2109,60.6,509
2110,60.9,511
2111,60.4,506
2112,60.8,510
2113,60.5,508
2114,60.8,510
2115,60.6,509
2116,60.8,510
2117,60.4,506
2118,60.4,506
2119,60.6,509
2120,61.1,513
2121,60,503
2122,60.8,510
2123,60.6,509
2124,60.5,508
2125,60.4,506
2126,61.1,513
2127,60.2,505
2128,60.6,509
2129,60.6,509
2130,60.4,506
2131,61.1,513
2132,60.4,506
2133,60.8,510
2134,60.4,506
2135,60.4,506
2136,60.5,508
2137,60.5,508
2138,61.1,513
2139,60.5,508
2140,60.8,510
2141,60.5,508
2142,60.1,504
2143,61,512
2144,60.8,510
2145,60.2,505
2146,60.4,506
2147,60.9,511
2148,60.2,505
2149,60.5,508
2150,60.8,510
2151,60.8,510
2152,60.6,509
2153,60.5,508
2154,60.2,505
2155,61.2,514
2156,60.4,506
2157,60.5,508
2158,60.4,506
2159,61,512
2160,60,503
2161,61,512
2162,60.1,504
2163,60.9,511
2164,60.4,506
2165,60.5,508
2166,60.6,509
2167,60.6,509
2168,61,512
2169,60.1,504
2170,61,512
2171,60.8,510
2172,60,503
2173,61.1,513
2174,60.6,509
2175,60.5,508
2176,60.5,508
2177,60.1,504
2178,61.1,513
2179,60.6,509
2180,60.5,508
2181,60.6,509
2182,60.1,504
2183,61,512
2184,60.6,509
2185,60.4,506
2186,60.5,508
2187,60.8,510
2188,60.6,509
2189,60.1,504
2190,61.1,513
2191,60.5,508
2192,60.5,508
2193,60.2,505
2194,60.8,510
2195,60.6,509
2196,60.4,506
2197,60.8,510
2198,60.5,508
2199,60.6,509
2200,61,512
2201,60.4,506
2202,60.4,506
2203,60.4,506
2204,60.9,511
2205,60.4,506
2206,60.9,511
2207,60.8,510
2208,60.1,504
2209,61.1,513
2210,60.5,508
2211,60.5,508
2212,60.5,508
2213,60.6,509
2214,60.4,506
2215,60.8,510
2216,60.5,508
2217,60.6,509
2218,60.6,509
2219,60.9,511
2220,60.1,504
2221,60.9,511
2222,60.4,506
2223,60.4,506
2224,60.5,508
2225,60.9,511
2226,60.4,506
2227,61.1,513
2228,60.1,504
2229,60.9,511
2230,60.6,509
2231,60.8,510
2232,60.1,504
2233,60.6,509
2234,60.8,510
2235,60.1,504
2236,61.1,513
2237,60.4,506
2238,60.6,509
2239,60.8,510
2240,60.1,504
2241,60.9,511
2242,60.6,509
2243,60.8,510
2244,60.4,506
2245,60.8,510
2246,60.5,508
2247,60.2,505
2248,61.1,513
2249,60.5,508
2250,60.2,505
2251,60.9,511
2252,60.2,505
2253,60.9,511
2254,60.1,504
2255,61,512
2256,60.5,508
2257,60.8,510
2258,60.5,508
2259,60.2,505
2260,60.6,509
2261,60.6,509
2262,60.6,509
2263,61,512
2264,60.2,505
2265,60.6,509
2266,60.1,504
2267,61.1,513
2268,60.8,510
2269,60.5,508
2270,59.8,501
2271,61.1,513
2272,60.5,508
2273,60.8,510
2274,60.8,510
2275,60.6,509
2276,60.2,505
2277,60.5,508
2278,60.6,509
2279,60.5,508
2280,61.1,513
2281,60,503
2282,61,512
2283,60.4,506
2284,60.8,510
2285,60.5,508
2286,60.9,511
2287,60.1,504
2288,60.8,510
2289,60.5,508
2290,60.8,510
2291,60.1,504
2292,60.6,509
2293,61.1,513
2294,60.5,508
2295,60.6,509
2296,60.6,509
2297,60,503
2298,60.9,511
2299,60.5,508
2300,60.6,509
2301,60.4,506
2302,60.8,510
2303,61,512
2304,60.1,504
2305,60.4,506
2306,60.8,510
2307,60.8,510
2308,60.5,508
2309,60.5,508
2310,60.9,511
2311,60.6,509
2312,60.4,506
2313,60.9,511
2314,60.2,505
2315,60.6,509
2316,60.6,509
2317,60.9,511
2318,60.2,505
2319,60.5,508
2320,60.5,508
2321,60.6,509
2322,61.1,513
2323,60,503
2324,60.9,511
2325,60.2,505
2326,60.8,510
2327,60.8,510
2328,60.8,510
2329,60.2,505
2330,60.5,508
2331,60.5,508
2332,61.1,513
2333,60,503
2334,60.9,511
2335,60.9,511
2336,60.5,508
2337,60.5,508
2338,60.4,506
2339,60.5,508
2340,61,512
2341,60.6,509
2342,59.9,502
2343,60.8,510
2344,61.1,513
2345,60.1,504
2346,60.5,508
2347,61.1,513
2348,59.9,502
2349,61.2,514
2350,60,503
2351,60.9,511
2352,60.2,505
2353,60.8,510
2354,60.5,508
2355,61.1,513
2356,60.2,505
2357,60.6,509
2358,60.6,509
2359,60.2,505
2360,60.6,509
2361,61,512
2362,60.1,504
2363,60.8,510
2364,60.9,511
2365,60.6,509
2366,60.2,505
2367,60.5,508
2368,60.5,508
2369,61,512
2370,60.2,505
2371,60.5,508
2372,60.6,509
2373,60.6,509
2374,60.6,509
2375,60.8,510
2376,60.5,508
2377,60.8,510
2378,60.5,508
2379,60.6,509
2380,60.5,508
2381,60.5,508
2382,60.5,508
2383,61,512
2384,60.4,506
2385,60.5,508
2386,60.8,510
2387,60.1,504
2388,60.6,509
2389,60.8,510
2390,60.5,508
2391,60.8,510
2392,60.8,510
2393,60.6,509
2394,60.5,508
2395,60.4,506
2396,61,512
2397,60.6,509
2398,60,503
2399,61.1,513
2400,60.2,505
2401,60.9,511
2402,60.5,508
2403,60.6,509
2404,60.1,504
2405,61,512
2406,60.2,505
2407,60.6,509
2408,60.9,511
2409,60.2,505
2410,60.8,510
2411,60.5,508
2412,60.4,506
2413,60.9,511
2414,60.8,510
2415,60.1,504
2416,60.5,508
2417,61.2,514
2418,60.1,504
2419,60.8,510
2420,60.5,508
2421,60.8,510
2422,60.5,508
2423,60.5,508
2424,60.6,509
2425,60.8,510
2426,60.5,508
2427,60.8,510
2428,60.1,504
2429,60.8,510
2430,60.5,508
2431,60.6,509
2432,60.6,509
2433,60.9,511
2434,60.6,509
2435,60.4,506
2436,60.6,509
2437,60.4,506
2438,60.4,506
2439,61.1,513
2440,60.4,506
2441,60.4,506
2442,60.6,509
2443,60.8,510
2444,60.9,511
2445,60.2,505
2446,60.5,508
2447,60.9,511
2448,60.1,504
2449,60.9,511
2450,60.6,509
2451,60.8,510
2452,60.1,504
2453,60.9,511
2454,60.6,509
2455,60.6,509
2456,60.6,509
2457,60.5,508
2458,60.2,505
2459,60.5,508
2460,61,512
2461,60.6,509
2462,60.5,508
2463,60.8,510
2464,60.5,508
2465,60.4,506
2466,60.2,505
2467,60.5,508
2468,60.6,509
2469,61.1,513
2470,60,503
2471,60.9,511
2472,60.6,509
2473,60.4,506
2474,61,512
2475,60.4,506
2476,60.4,506
2477,61.1,513
2478,60.4,506
2479,60.4,506
2480,60.5,508
2481,60.8,510
2482,60.2,505
2483,60.6,509
2484,61,512
2485,60.5,508
2486,60.8,510
2487,60.4,506
2488,60.2,505
2489,61.1,513
2490,60.1,504
2491,60.5,508
2492,60.9,511
2493,60.4,506
2494,60.9,511
2495,60.9,511
2496,60.4,506
2497,60.8,510
2498,60,503
2499,60.6,509
2500,60.8,510
2501,60.6,509
2502,60.5,508
2503,60.9,511
2504,60.8,510
2505,60.5,508
2506,60.4,506
2507,60.8,510
2508,60.2,505
2509,60.5,508
2510,60.5,508
2511,60.9,511
2512,60.8,510
2513,60.1,504
2514,60.8,510
2515,60.6,509
2516,60.4,506
2517,60.6,509
2518,60.6,509
2519,60.5,508
2520,60.6,509
2521,60.5,508
2522,61,512
2523,60.4,506
2524,60.6,509
2525,61,512
2526,60,503
2527,60.9,511
2528,60.6,509
2529,60.5,508
2530,60.8,510
2531,60.2,505
2532,60.8,510
2533,60.6,509
2534,60.5,508
2535,60.6,509
2536,60.4,506
2537,60.8,510
2538,60.5,508
2539,60.6,509
2540,60.9,511
2541,60.2,505
2542,61,512
2543,60.1,504
2544,60.6,509
2545,60.4,506
2546,61.1,513
2547,60.5,508
2548,60.6,509
2549,60.6,509
2550,59.8,501
2551,60.9,511
2552,61.1,513
2553,60.5,508
2554,60.1,504
2555,61,512
2556,60.5,508
2557,60.4,506
2558,60.6,509
2559,60.9,511
2560,60.8,510
2561,60.1,504
2562,60.6,509
2563,60.4,506
2564,61.1,513
2565,60,503
2566,61.1,513
2567,60,503
2568,61,512
2569,59.9,502
2570,61.2,514
2571,60.6,509
2572,60.1,504
2573,60.8,510
2574,60.9,511
2575,60.6,509
2576,60.1,504
2577,60.9,511
2578,60.9,511
2579,60.1,504
2580,61.1,513
2581,60,503
2582,60.8,510
2583,60.8,510
2584,60.5,508
2585,60.2,505
2586,60.6,509
2587,61,512
2588,60.1,504
2589,61,512
2590,60.5,508
2591,60.2,505
2592,61,512
2593,60.1,504
2594,61,512
2595,60.4,506
2596,60.5,508
2597,61,512
2598,60.6,509
2599,60.2,505
2600,60.4,506
2601,60.8,510
2602,60.5,508
2603,60.6,509
2604,60.9,511
2605,60.2,505
2606,60.8,510
2607,60.5,508
2608,60.6,509
2609,60.8,510
2610,60.5,508
2611,60.2,505
2612,60.6,509
2613,60.6,509
2614,61.1,513
2615,60.2,505
2616,60.4,506
2617,60.9,511
2618,60.8,510
2619,60.8,510
2620,60.2,505
2621,60.5,508
2622,60.6,509
2623,60.4,506
2624,60.4,506
2625,60.9,511
2626,61,512
2627,60.5,508
2628,60.4,506
2629,60.5,508
2630,60.5,508
2631,60.8,510
2632,60.1,504
2633,61.1,513
2634,60.2,505
2635,60.6,509
2636,61,512
2637,60.6,509
2638,60,503
2639,61.1,513
2640,60.2,505
2641,60.8,510
2642,60.2,505
2643,60.9,511
2644,60.2,505
2645,60.5,508
2646,61,512
2647,60.6,509
2648,60.8,510
2649,60.4,506
2650,60.8,510
2651,60.4,506
2652,60.5,508
2653,60.2,505
2654,60.6,509
2655,61.2,514
2656,60,503
2657,60.5,508
2658,61.1,513
2659,60.2,505
2660,60.5,508
2661,60.6,509
2662,60.8,510
2663,60.9,511
2664,60.4,506
2665,60.1,504
2666,60.8,510
2667,60.8,510
2668,60,503
2669,61.4,515
2670,60.6,509
2671,60.1,504
2672,60.6,509
2673,61,512
2674,60.6,509
2675,60.6,509
2676,60.6,509
2677,60.2,505
2678,60.8,510
2679,60.6,509
2680,60.4,506
2681,60.2,505
2682,60.6,509
2683,61,512
2684,60.6,509
2685,60.2,505
2686,60.9,511
2687,60.8,510
2688,60.5,508
2689,60.5,508
2690,60.2,505
2691,60.6,509
2692,60.8,510
2693,60.2,505
2694,61,512
2695,60.8,510
2696,60.1,504
2697,60.6,509
2698,60.6,509
2699,60.9,511
2700,60.8,510
2701,59.9,502
2702,60.8,510
2703,60.4,506
2704,61.2,514
2705,60.2,505
2706,60.4,506
2707,60.8,510
2708,60.5,508
2709,60.6,509
2710,60.5,508
2711,60.5,508
2712,60.6,509
2713,60.5,508
2714,61,512
2715,60.4,506
2716,60.4,506
2717,61,512
2718,60.2,505
2719,61,512
2720,60.5,508
2721,60.1,504
2722,61.2,514
2723,60.2,505
2724,60.6,509
2725,60.5,508
2726,60.6,509
2727,60.4,506
2728,61,512
2729,60.5,508
2730,60.2,505
2731,60.4,506
2732,61,512
2733,60.4,506
2734,61.1,513
2735,60.2,505
2736,60.6,509
2737,60.4,506
2738,60.8,510
2739,60.5,508
2740,60.4,506
2741,60.6,509
2742,60.8,510
2743,60.8,510
2744,60.2,505
2745,60.5,508
2746,61,512
2747,60.4,506
2748,60.2,505
2749,61,512
2750,60.8,510
2751,60.6,509
2752,60.5,508
2753,60.2,505
2754,60.8,510
2755,60.5,508
2756,60.6,509
2757,60.9,511
2758,60.2,505
2759,60.8,510
2760,60.5,508
2761,60.8,510
2762,60.4,506
2763,60.6,509
2764,60.5,508
2765,60.6,509
2766,60.5,508
2767,60.5,508
2768,60.5,508
2769,60.9,511
2770,60.6,509
2771,60.6,509
2772,60.8,510
2773,60.4,506
2774,60.6,509
2775,60.2,505
2776,61.1,513
2777,60.5,508
2778,60.8,510
2779,60.1,504
2780,60.5,508
2781,61,512
2782,60.4,506
2783,60.4,506
2784,61,512
2785,60.6,509
2786,60.5,508
2787,60.6,509
2788,60.2,505
2789,60.5,508
2790,61,512
2791,60.5,508
2792,60.5,508
2793,60.9,511
2794,60,503
2795,60.6,509
2796,60.8,510
2797,60.6,509
2798,60.5,508
2799,60.4,506
2800,60.6,509
2801,60.5,508
2802,60.6,509
2803,60.5,508
2804,61,512
2805,60.4,506
2806,60.5,508
2807,60.8,510
2808,60.2,505
2809,61,512
2810,60.2,505
2811,60.9,511
2812,60.2,505
2813,60.4,506
2814,61,512
2815,61,512
2816,60.1,504
2817,60.4,506
2818,60.6,509
2819,61,512
2820,60.5,508
2821,60.4,506
2822,60.8,510
2823,60.2,505
2824,60.9,511
2825,60.4,506
2826,60.6,509
2827,60.5,508
2828,60.5,508
2829,60.6,509
2830,60.9,511
2831,60.4,506
2832,60.6,509
2833,60.9,511
2834,60.5,508
2835,60.2,505
2836,60.8,510
2837,61,512
2838,60,503
2839,61,512
2840,60.6,509
2841,60.5,508
2842,60.4,506
2843,61,512
2844,60,503
2845,61,512
2846,60.6,509
2847,60.4,506
2848,60.6,509
2849,60.9,511
2850,60.1,504
2851,60.6,509
2852,60.5,508
2853,60.6,509
2854,60.5,508
2855,60.8,510
2856,60.6,509
2857,60.4,506
2858,60.5,508
2859,60.9,511
2860,60.4,506
2861,60.8,510
2862,60.8,510
2863,60.2,505
2864,61,512
2865,60.1,504
2866,61,512
2867,60,503
2868,61.2,514
2869,60.5,508
2870,60.2,505
2871,60.5,508
2872,61.1,513
2873,60.6,509
2874,60.2,505
2875,60.1,504
2876,61.1,513
2877,60.6,509
2878,60.1,504
2879,60.9,511
2880,60.2,505
2881,60.5,508
2882,61,512
2883,60.5,508
2884,60.6,509
2885,60.8,510
2886,60.8,510
2887,60.2,505
2888,60.4,506
2889,60.6,509
2890,60.8,510
2891,61,512
2892,59.9,502
2893,60.6,509
2894,60.9,511
2895,60.8,510
2896,60.4,506
2897,60.5,508
2898,61,512
2899,60,503
2900,61.2,514
2901,60.5,508
2902,60.2,505
2903,60.4,506
2904,61.1,513
2905,60.5,508
2906,60.5,508
2907,60.2,505
2908,60.6,509
2909,60.5,508
2910,60.5,508
2911,61.2,514
2912,60.5,508
2913,60.5,508
2914,60.6,509
2915,60.5,508
2916,60.1,504
2917,60.5,508
2918,61.1,513
2919,60.2,505
2920,60.8,510
2921,60.4,506
2922,60.6,509
2923,61,512
2924,60,503
2925,60.8,510
2926,61,512
2927,60.2,505
2928,60.5,508
2929,60.6,509
2930,60.9,511
2931,60.1,504
2932,60.8,510
2933,60.9,511
2934,60.5,508
2935,60.8,510
2936,60.4,506
2937,60.2,505
2938,60.8,510
2939,60.8,510
2940,60.8,510
2941,60.5,508
2942,60.4,506
2943,61,512
2944,60.2,505
2945,60.2,505
2946,60.5,508
2947,61.1,513
2948,60.6,509
2949,60.2,505
2950,60.9,511
2951,60.2,505
2952,61,512
2953,60.6,509
2954,60.2,505
2955,60.9,511
2956,60.5,508
2957,60.6,509
2958,60.2,505
2959,61,512
2960,60,503
2961,60.9,511
2962,60.2,505
2963,60.9,511
2964,60.5,508
2965,60.8,510
2966,60.2,505
2967,60.6,509
2968,60.5,508
2969,60.4,506
2970,61.4,515
2971,60.6,509
2972,60.2,505
2973,60.6,509
2974,60.2,505
2975,61.1,513
2976,60,503
2977,60.8,510
2978,60.6,509
2979,60.6,509
2980,60.5,508
2981,60.6,509
2982,60.8,510
2983,60.8,510
2984,60.6,509
2985,60,503
2986,60.8,510
2987,60.8,510
2988,60.9,511
2989,60.2,505
2990,60.2,505
2991,60.9,511
2992,60.6,509
2993,60.9,511
2994,60.4,506
2995,60.4,506
2996,60.4,506
2997,60.8,510
2998,60.5,508
2999,61.1,513
3000,60.1,504
3001,60.8,510
3002,60.5,508
3003,60.8,510
3004,60.2,505
3005,60.8,510
3006,60.6,509
3007,60.9,511
3008,60.4,506
3009,60.8,510
3010,60.6,509
3011,60.5,508
3012,60.5,508
3013,60.4,506
3014,60.8,510
3015,60.4,506
3016,60.6,509
3017,60.8,510
3018,60.8,510
3019,60.4,506
3020,60.4,506
3021,60.5,508
3022,60.8,510
3023,60.5,508
3024,60.4,506
3025,61.1,513
3026,60.8,510
3027,60.1,504
3028,60.4,506
3029,60.6,509
3030,60.8,510
3031,60.5,508
3032,61,512
3033,60.2,505
3034,60.5,508
3035,60.5,508
3036,61.2,514
3037,60.1,504
3038,60.9,511
3039,60.4,506
3040,60.6,509
3041,60.5,508
3042,60.6,509
3043,60.6,509
3044,60.2,505
3045,60.8,510
3046,60.5,508
3047,60.8,510
3048,60.5,508
3049,61,512
3050,60,503
3051,60.9,511
3052,60.8,510
3053,60.6,509
3054,59.9,502
3055,60.9,511
3056,60.9,511
3057,60.6,509
3058,60.4,506
3059,60.4,506
3060,60.8,510
3061,60.5,508
3062,60.8,510
3063,60.2,505
3064,61.1,513
3065,60.4,506
3066,60.8,510
3067,60.2,505
3068,60.9,511
3069,60.4,506
3070,60.2,505
3071,60.8,510
3072,60.6,509
3073,60.9,511
3074,60.8,510
3075,60,503
3076,60.6,509
3077,61.1,513
3078,59.9,502
3079,61.4,515
3080,60.4,506
3081,60,503
3082,60.6,509
3083,61.2,514
3084,60.4,506
3085,60.1,504
3086,61.1,513
3087,60.8,510
3088,59.8,501
3089,61.2,514
3090,60.5,508
3091,60.4,506
3092,61,512
3093,60.5,508
3094,60.1,504
3095,61,512
3096,60.6,509
3097,60,503
3098,60.9,511
3099,60.6,509
3100,60.6,509
3101,60.6,509
3102,60.4,506
3103,60.9,511
3104,60.4,506
3105,60.6,509
3106,60.2,505
3107,61,512
3108,60.4,506
3109,61,512
3110,60.1,504
3111,60.5,508
3112,60.6,509
3113,60.9,511
3114,60.6,509
3115,60.1,504
3116,60.8,510
3117,60.9,511
3118,60.6,509
3119,60.8,510
3120,59.8,501
3121,60.9,511
3122,60.4,506
3123,61.2,514
3124,60.2,505
3125,61,512
3126,60.2,505
3127,60.9,511
3128,60.1,504
3129,60.9,511
3130,60.6,509
3131,60.4,506
3132,60.2,505
3133,60.9,511
3134,60.6,509
3135,60.8,510
3136,60.6,509
3137,60.2,505
3138,60.4,506
3139,61.1,513
3140,60.2,505
3141,60.5,508
3142,60.6,509
3143,60.5,508
3144,61,512
3145,60.5,508
3146,60.8,510
3147,60.2,505
3148,61,512
3149,60.2,505
3150,60.8,510
3151,60.1,504
3152,61.1,513
3153,60,503
3154,60.9,511
3155,60.9,511
3156,60.1,504
3157,61,512
3158,60.4,506
3159,60.2,505
3160,61.1,513
3161,60.5,508
3162,60.1,504
3163,60.5,508
3164,61,512
3165,60.9,511
3166,60.2,505
3167,60.6,509
3168,60.8,510
3169,60.5,508
3170,60.4,506
3171,60.6,509
3172,60.5,508
3173,60.8,510
3174,60.8,510
3175,60.2,505
3176,60.5,508
3177,61,512
3178,60,503
3179,60.4,506
3180,61.2,514
3181,60.5,508
3182,60.4,506
3183,60.9,511
3184,60.5,508
3185,60.9,511
3186,60.1,504
3187,60.4,506
3188,60.8,510
3189,60.5,508
3190,60.9,511
3191,60.6,509
3192,60.5,508
3193,60.4,506
3194,60.6,509
3195,60.8,510
3196,60.2,505
3197,60.8,510
3198,60.6,509
3199,61,512
3200,60.2,505
3201,60.2,505
3202,60.4,506
3203,60.9,511
3204,60.6,509
3205,61,512
3206,60.2,505
3207,60.8,510
3208,60.6,509
3209,60.4,506
3210,60.8,510
3211,60.2,505
3212,60.9,511
3213,60.6,509
3214,60.8,510
3215,60.2,505
3216,60.6,509
3217,60.6,509
3218,60.4,506
3219,61,512
3220,60.6,509
3221,60.5,508
3222,60.6,509
3223,60.8,510
3224,60.2,505
3225,60.6,509
3226,60.6,509
3227,60.8,510
3228,60,503
3229,60.6,509
3230,60.9,511
3231,60.5,508
3232,60.8,510
3233,60.8,510
3234,60.6,509
3235,60.4,506
3236,60.1,504
3237,61.1,513
3238,60.5,508
3239,60.8,510
3240,60.4,506
3241,60.6,509
3242,60.2,505
3243,61,512
3244,60.2,505
3245,60.5,508
3246,60.5,508
3247,60.9,511
3248,60.4,506
3249,60.5,508
3250,61,512
3251,60.4,506
3252,60.9,511
3253,60.2,505
3254,60.6,509
3255,60.8,510
3256,60.2,505
3257,60.5,508
3258,60.9,511
3259,60.9,511
3260,60.1,504
3261,60.5,508
3262,60.5,508
3263,60.8,510
3264,60.9,511
3265,60.6,509
3266,60.6,509
3267,60.1,504
3268,60.5,508
3269,60.8,510
3270,60.6,509
3271,60.5,508
3272,61,512
3273,60.4,506
3274,60.2,505
3275,60.4,506
3276,61.2,514
3277,60.5,508
3278,60.8,510
3279,60.6,509
3280,60.4,506
3281,60.5,508
3282,60.9,511
3283,60.5,508
3284,60.6,509
3285,60.6,509
3286,60.1,504
3287,60.6,509
3288,60.9,511
3289,60.2,505
3290,60.9,511
3291,60.9,511
3292,60.2,505
3293,60.2,505
3294,60.6,509
3295,60.5,508
3296,61,512
3297,60.8,510
3298,60.5,508
3299,60.6,509
3300,60.5,508
3301,60.2,505
3302,61,512
3303,60.5,508
3304,60.5,508
3305,60.4,506
3306,60.8,510
3307,60.6,509
3308,60.4,506
3309,60.5,508
3310,60.5,508
3311,60.9,511
3312,60.2,505
3313,61.1,513
3314,60.2,505
3315,60.6,509
3316,60.4,506
3317,61,512
3318,60.8,510
3319,60.5,508
3320,60.6,509
3321,60,503
3322,61.1,513
3323,60.6,509
3324,60.4,506
3325,60.4,506
3326,60.5,508
3327,60.5,508
3328,60.6,509
3329,60.6,509
3330,60.5,508
3331,61.1,513
3332,60.2,505
3333,60.4,506
3334,60.5,508
3335,61,512
3336,60.4,506
3337,60.9,511
3338,60.2,505
3339,60.5,508
3340,61,512
3341,60.8,510
3342,60,503
3343,60.5,508
3344,60.8,510
3345,60.8,510
3346,60.5,508
3347,60.6,509
3348,60.5,508
3349,60.4,506
3350,61.1,513
3351,60.1,504
3352,60.6,509
3353,61,512
3354,60,503
3355,61.2,514
3356,60.2,505
3357,60.5,508
3358,60.5,508
3359,61,512
3360,60.5,508
3361,60.2,505
3362,61.1,513
3363,60.1,504
3364,60.4,506
3365,60.5,508
3366,61.1,513
3367,60.6,509
3368,60.5,508
3369,60.8,510
3370,60.5,508
3371,60.6,509
3372,60.6,509
3373,60,503
3374,61.1,513
3375,60.2,505
3376,60.5,508
3377,60.9,511
3378,60.1,504
3379,60.6,509
3380,61.1,513
3381,60.2,505
3382,60.5,508
3383,60.4,506
3384,60.6,509
3385,60.9,511
3386,60.6,509
3387,60.5,508
3388,60.6,509
3389,60.5,508
3390,61,512
3391,60.5,508
3392,60.2,505
3393,61,512
3394,60.1,504
3395,60.9,511
3396,60.5,508
3397,60.4,506
3398,60.5,508
3399,60.9,511
3400,60.8,510
3401,60.5,508
3402,60.1,504
3403,60.8,510
3404,60.8,510
3405,60.6,509
3406,60.2,505
3407,60.8,510
3408,60.9,511
3409,60.5,508
3410,60.1,504
3411,60.6,509
3412,60.6,509
3413,60.5,508
3414,60.6,509
3415,60.5,508
3416,60.6,509
3417,61.1,513
3418,60,503
3419,61.1,513
3420,60.4,506
3421,60.4,506
3422,60.5,508
3423,60.8,510
3424,60.5,508
3425,61,512
3426,60.1,504
3427,60.6,509
3428,60.5,508
3429,61.1,513
3430,60.6,509
3431,60.6,509
3432,59.9,502
3433,60.9,511
3434,60.6,509
3435,60.6,509
3436,60.4,506
3437,60.9,511
3438,60.6,509
3439,60.2,505
3440,60.8,510
3441,60.6,509
3442,60.4,506
3443,61,512
3444,60.1,504
3445,61.1,513
3446,60,503
3447,61,512
3448,60.6,509
3449,60.5,508
3450,60.2,505
3451,60.5,508
3452,60.6,509
3453,60.8,510
3454,60.9,511
3455,60.6,509
3456,60.6,509
3457,60.5,508
3458,60.5,508
3459,60.4,506
3460,60.9,511
3461,60.6,509
3462,60.2,505
3463,60.8,510
3464,60.4,506
3465,60.9,511
3466,60.8,510
3467,60.4,506
3468,60.4,506
3469,60.8,510
3470,60.5,508
3471,60.5,508
3472,60.9,511
3473,60.8,510
3474,60,503
3475,60.9,511
3476,60.2,505
3477,60.6,509
3478,60.6,509
3479,60.6,509
3480,60.5,508
3481,60.9,511
3482,60.5,508
3483,60.8,510
3484,60.6,509
3485,60.5,508
3486,60.5,508
3487,61,512
3488,60,503
3489,61.1,513
3490,59.6,500
3491,61.5,516
3492,60.5,508
3493,60.1,504
3494,61.1,513
3495,60.5,508
3496,60.8,510
3497,59.9,502
3498,60.8,510
3499,60.5,508
3500,60.5,508
3501,60.9,511
3502,60.8,510
3503,60.8,510
3504,60.1,504
3505,60.6,509
3506,60.9,511
3507,60.4,506
3508,60.9,511
3509,60.2,505
3510,60.6,509
3511,61,512
3512,60.2,505
3513,60.2,505
3514,61.1,513
3515,60.5,508
3516,60.6,509
3517,60.4,506
3518,60.9,511
3519,60.6,509
3520,60.5,508
3521,60.6,509
3522,60.5,508
3523,60.6,509
3524,60.5,508
3525,60.4,506
3526,61,512
3527,60.2,505
3528,60.4,506
3529,60.5,508
3530,61,512
3531,60.5,508
3532,60.5,508
3533,60.6,509
3534,60.9,511
3535,60,503
3536,60.9,511
3537,60.6,509
3538,60.8,510
3539,60.2,505
3540,60.8,510
3541,60.2,505
3542,60.6,509
3543,60.8,510
3544,60.9,511
3545,60.4,506
3546,60.5,508
3547,60.4,506
3548,60.9,511
3549,60.2,505
3550,61,512
3551,60.4,506
3552,60.6,509
3553,60.1,504
3554,60.9,511
3555,60.8,510
3556,60.4,506
3557,60.6,509
3558,60.8,510
3559,60.5,508
3560,61,512
3561,60.8,510
3562,60.5,508
3563,60.4,506
3564,60.9,511
3565,60.4,506
3566,60.2,505
3567,60.8,510
3568,60.6,509
3569,60.5,508
3570,60.2,505
3571,61.2,514
3572,60.4,506
3573,60.8,510
3574,60,503
3575,60.6,509
3576,60.6,509
3577,60.8,510
3578,60.9,511
3579,60.6,509
3580,60.2,505
3581,60.8,510
3582,60.4,506
3583,60.4,506
3584,60.9,511
3585,60.8,510
3586,60.6,509
3587,60.4,506
3588,60.6,509
3589,60.5,508
3590,60.5,508
3591,60.5,508
3592,60.6,509
3593,60.8,510
3594,60.5,508
3595,61.1,513
3596,59.9,502
3597,61,512
3598,60.8,510
3599,60.5,508
